时间,花费时间,实际圈数,实际扭力,螺丝结果
2017_10_28_15_10_22_478,0.361s,0.6圈,59.5mN*m,第1个OK
2017_10_28_15_10_28_666,0.406s,0.9圈,59.5mN*m,第2个OK
2017_10_28_15_10_34_394,0.29s,0.1圈,59.5mN*m,第3个OK
2017_10_28_15_10_40_854,0.372s,0.8圈,59.5mN*m,第4个OK
2017_10_28_15_10_47_76,0.346s,0.4圈,59.5mN*m,第5个OK
2017_10_28_15_10_54_924,0.284s,0圈,59.5mN*m,第6个OK
2017_10_28_15_11_3_331,0.284s,0圈,59.7mN*m,第7个OK
2017_10_28_15_11_9_473,0.317s,0.4圈,59.5mN*m,第8个OK
2017_10_28_15_11_17_558,0.304s,0圈,59.5mN*m,第9个OK
2017_10_28_15_11_23_866,0.338s,0.5圈,59.7mN*m,第10个OK
2017_10_28_15_11_29_994,0.334s,0.5圈,59.5mN*m,第11个OK
2017_10_28_15_11_35_881,0.279s,0.2圈,59.5mN*m,第12个OK
2017_10_28_15_11_41_764,0.373s,0.7圈,59.5mN*m,第13个OK
2017_10_28_15_11_47_997,0.432s,1.1圈,59.5mN*m,第14个OK
2017_10_28_15_11_53_882,0.371s,0.6圈,59.5mN*m,第15个OK
2017_10_28_15_12_0_183,0.355s,0.5圈,59.5mN*m,第16个OK
2017_10_28_15_12_6_65,0.292s,0圈,59.5mN*m,第17个OK
2017_10_28_15_12_12_454,0.35s,0.7圈,59.5mN*m,第18个OK
2017_10_28_15_12_18_670,0.361s,0.7圈,59.5mN*m,第19个OK
2017_10_28_15_12_24_817,0.307s,0.3圈,59.5mN*m,第20个OK
2017_10_28_15_12_30_787,0.305s,0.3圈,59.5mN*m,第21个OK
2017_10_28_15_12_37_9,0.373s,0.8圈,59.5mN*m,第22个OK
2017_10_28_15_12_43_321,0.366s,0.7圈,59.5mN*m,第23个OK
2017_10_28_15_12_49_534,0.298s,0.2圈,59.5mN*m,第24个OK
2017_10_28_15_12_55_589,0.34s,0.4圈,59.7mN*m,第25个OK
2017_10_28_15_13_1_467,0.325s,0.4圈,59.5mN*m,第26个OK
2017_10_28_15_13_7_853,0.375s,0.8圈,59.5mN*m,第27个OK
2017_10_28_15_13_13_906,0.313s,0.4圈,59.7mN*m,第28个OK
2017_10_28_15_13_20_125,0.376s,0.7圈,59.5mN*m,第29个OK
2017_10_28_15_13_26_196,0.347s,0.3圈,59.5mN*m,第30个OK
2017_10_28_15_13_32_186,0.317s,0.3圈,59.5mN*m,第31个OK
2017_10_28_15_13_38_235,0.288s,0.1圈,59.5mN*m,第32个OK
2017_10_28_15_13_44_280,0.376s,0.8圈,59.5mN*m,第33个OK
2017_10_28_15_13_50_410,0.348s,0.7圈,59.5mN*m,第34个OK
2017_10_28_15_13_56_657,0.277s,0.1圈,59.5mN*m,第35个OK
2017_10_28_15_14_2_402,0.261s,0.1圈,59.5mN*m,第36个OK
2017_10_28_15_14_9_242,0.242s,0圈,59.5mN*m,第37个OK
2017_10_28_15_14_15_282,0.271s,0圈,59.5mN*m,第38个OK
2017_10_28_15_14_20_904,0.281s,0圈,59.5mN*m,第39个OK
2017_10_28_15_14_27_623,0.327s,0.5圈,59.5mN*m,第40个OK
2017_10_28_15_14_33_170,0.292s,0圈,59.5mN*m,第41个OK
2017_10_28_15_14_39_408,0.362s,0.7圈,59.5mN*m,第42个OK
2017_10_28_15_14_47_112,0.316s,0.4圈,59.5mN*m,第43个OK
2017_10_28_15_14_54_318,0.325s,0.5圈,59.5mN*m,第44个OK
2017_10_28_15_15_0_374,0.39s,0.7圈,59.5mN*m,第45个OK
2017_10_28_15_15_6_440,0.343s,0.5圈,59.5mN*m,第46个OK
2017_10_28_15_15_12_731,0.354s,0.6圈,59.5mN*m,第47个OK
2017_10_28_15_15_18_778,0.375s,0.7圈,59.7mN*m,第48个OK
2017_10_28_15_15_25_0,0.325s,0.5圈,59.5mN*m,第49个OK
2017_10_28_15_15_31_645,0.342s,0.6圈,59.5mN*m,第50个OK
2017_10_28_15_15_37_781,0.329s,0.5圈,59.5mN*m,第51个OK
2017_10_28_15_15_43_613,0.289s,0.1圈,59.5mN*m,第52个OK
2017_10_28_15_15_49_997,0.343s,0.5圈,59.5mN*m,第53个OK
2017_10_28_15_15_55_764,0.295s,0.3圈,59.5mN*m,第54个OK
2017_10_28_15_16_1_906,0.381s,0.8圈,59.5mN*m,第55个OK
2017_10_28_15_16_7_867,0.3s,0.3圈,59.5mN*m,第56个OK
2017_10_28_15_16_13_923,0.352s,0.5圈,59.5mN*m,第57个OK
2017_10_28_15_16_20_230,0.345s,0.6圈,59.5mN*m,第58个OK
2017_10_28_15_16_26_191,0.301s,0圈,59.7mN*m,第59个OK
2017_10_28_15_16_32_494,0.36s,0.7圈,59.5mN*m,第60个OK
2017_10_28_15_16_38_794,0.297s,0.2圈,59.5mN*m,第61个OK
2017_10_28_15_16_44_681,0.334s,0.4圈,59.7mN*m,第62个OK
2017_10_28_15_16_50_605,0.32s,0.5圈,59.5mN*m,第63个OK
2017_10_28_15_16_56_876,0.366s,0.8圈,59.5mN*m,第64个OK
2017_10_28_15_17_3_28,0.244s,0圈,59.7mN*m,第65个OK
2017_10_28_15_17_9_549,0.335s,0.6圈,59.5mN*m,第66个OK
2017_10_28_15_17_15_620,0.285s,0圈,59.5mN*m,第67个OK
2017_10_28_15_17_22_171,0.395s,0.9圈,59.5mN*m,第68个OK
2017_10_28_15_17_35_370,0.4s,0.8圈,59.5mN*m,第69个OK
2017_10_28_15_20_53_883,0.247s,0圈,59.7mN*m,第70个OK
2017_10_28_15_20_59_572,0.329s,0.4圈,59.5mN*m,第71个OK
2017_10_28_15_21_18_68,0.344s,0.6圈,59.5mN*m,第72个OK
2017_10_28_15_21_30_3,0.295s,0.3圈,59.5mN*m,第73个OK
2017_10_28_15_21_37_49,0.25s,0圈,59.5mN*m,第74个OK
2017_10_28_15_21_49_458,0.302s,0.3圈,59.7mN*m,第75个OK
2017_10_28_15_21_58_850,0.318s,0.5圈,59.5mN*m,第76个OK
2017_10_28_15_22_6_747,0.303s,0圈,59.7mN*m,第77个OK
2017_10_28_15_22_14_917,0.382s,0.7圈,59.5mN*m,第78个OK
2017_10_28_15_22_20_457,0.322s,0.4圈,59.5mN*m,第79个OK
2017_10_28_15_22_26_808,0.344s,0.5圈,59.5mN*m,第80个OK
2017_10_28_15_22_33_68,0.311s,0.3圈,59.5mN*m,第81个OK
2017_10_28_15_22_40_651,1.153s,7.5圈,19.6mN*m,第82个NG
2017_10_28_15_22_46_111,0.281s,0.1圈,59.5mN*m,第83个OK
2017_10_28_15_23_6_687,0.338s,0.4圈,59.5mN*m,第84个OK
2017_10_28_15_23_16_403,0.299s,0圈,59.5mN*m,第85个OK
2017_10_28_15_23_25_493,1.152s,7.5圈,6.5mN*m,第86个NG
2017_10_28_15_23_31_479,0.285s,0圈,59.5mN*m,第87个OK
2017_10_28_15_23_38_946,0.293s,0圈,59.7mN*m,第88个OK
2017_10_28_15_24_10_692,23.709s,7.4圈,30.8mN*m,第89个NG
2017_10_28_15_24_18_9,0.339s,0.6圈,59.5mN*m,第90个OK
2017_10_28_15_24_25_581,0.337s,0.6圈,59.5mN*m,第91个OK
2017_10_28_15_31_40_489,0.303s,0.2圈,59.5mN*m,第92个OK
2017_10_28_15_31_48_750,0.327s,0圈,59.5mN*m,第93个OK
2017_10_28_15_31_55_52,0.325s,0.3圈,59.5mN*m,第94个OK
2017_10_28_15_32_1_518,0.281s,0圈,59.5mN*m,第95个OK
2017_10_28_15_32_9_245,1.153s,7.5圈,24.5mN*m,第96个NG
2017_10_28_15_32_16_325,1.153s,7.5圈,23mN*m,第97个NG
2017_10_28_15_32_22_100,0.292s,0圈,59.5mN*m,第98个OK
2017_10_28_15_32_28_413,0.372s,0.6圈,59.5mN*m,第99个OK
2017_10_28_15_32_34_776,0.36s,0.7圈,59.5mN*m,第100个OK
2017_10_28_15_40_36_677,0.331s,0.5圈,59.5mN*m,第101个OK
2017_10_28_15_40_44_712,0.326s,0圈,59.7mN*m,第102个OK
2017_10_28_15_40_50_865,0.307s,0.2圈,59.5mN*m,第103个OK
2017_10_28_15_40_57_250,0.315s,0.4圈,59.5mN*m,第104个OK
2017_10_28_15_41_3_55,0.309s,0.3圈,59.5mN*m,第105个OK
2017_10_28_15_41_9_286,0.317s,0圈,59.5mN*m,第106个OK
2017_10_28_15_41_15_251,0.312s,0.3圈,59.5mN*m,第107个OK
2017_10_28_15_41_23_394,0.286s,0圈,59.5mN*m,第108个OK
2017_10_28_15_41_29_344,0.376s,0.8圈,59.5mN*m,第109个OK
2017_10_28_15_41_35_524,0.286s,0.2圈,59.5mN*m,第110个OK
2017_10_28_15_41_41_501,0.412s,1圈,59.5mN*m,第111个OK
2017_10_28_15_41_49_646,0.319s,0圈,59.5mN*m,第112个OK
2017_10_28_15_41_56_39,0.256s,0圈,59.5mN*m,第113个OK
2017_10_28_15_42_2_985,0.286s,0.2圈,59.5mN*m,第114个OK
2017_10_28_15_42_8_481,0.354s,0.6圈,59.5mN*m,第115个OK
2017_10_28_15_42_14_440,0.339s,0.5圈,59.5mN*m,第116个OK
2017_10_28_15_42_20_666,0.336s,0.4圈,59.5mN*m,第117个OK
2017_10_28_15_42_26_791,0.382s,0.9圈,59.5mN*m,第118个OK
2017_10_28_15_42_32_866,0.339s,0.2圈,59.5mN*m,第119个OK
2017_10_28_15_42_50_820,0.355s,0.6圈,59.5mN*m,第120个OK
2017_10_28_15_43_13_767,0.337s,0.5圈,59.5mN*m,第121个OK
2017_10_28_15_43_19_984,0.389s,0.8圈,59.5mN*m,第122个OK
2017_10_28_15_43_26_262,0.325s,0.3圈,59.5mN*m,第123个OK
2017_10_28_15_43_32_394,0.392s,0.9圈,59.5mN*m,第124个OK
2017_10_28_15_43_52_494,1.152s,7.5圈,4.4mN*m,第125个NG
2017_10_28_15_43_58_372,0.386s,0.8圈,59.7mN*m,第126个OK
2017_10_28_15_44_4_344,0.361s,0.6圈,59.5mN*m,第127个OK
2017_10_28_15_44_10_424,0.391s,0.9圈,59.5mN*m,第128个OK
2017_10_28_15_44_18_659,0.311s,0圈,59.7mN*m,第129个OK
2017_10_28_15_44_58_252,0.315s,0.4圈,59.5mN*m,第130个OK
2017_10_28_15_45_4_559,0.336s,0.4圈,59.5mN*m,第131个OK
2017_10_28_15_45_10_455,0.311s,0.4圈,59.7mN*m,第132个OK
2017_10_28_15_45_16_591,0.302s,0.1圈,59.5mN*m,第133个OK
2017_10_28_15_45_22_556,0.386s,0.5圈,59.5mN*m,第134个OK
2017_10_28_15_45_28_371,0.483s,0.3圈,59.5mN*m,第135个OK
2017_10_28_15_45_34_920,0.356s,0.7圈,59.5mN*m,第136个OK
2017_10_28_15_45_40_974,0.368s,0.7圈,59.7mN*m,第137个OK
2017_10_28_15_45_47_113,0.313s,0.2圈,59.7mN*m,第138个OK
2017_10_28_15_46_42_620,0.256s,0圈,59.5mN*m,第139个OK
2017_10_28_15_46_49_75,0.309s,0.3圈,59.5mN*m,第140个OK
2017_10_28_15_46_55_212,0.3s,0圈,59.5mN*m,第141个OK
2017_10_28_15_47_1_685,0.292s,0.1圈,59.5mN*m,第142个OK
2017_10_28_15_47_7_898,0.281s,0.2圈,59.5mN*m,第143个OK
2017_10_28_15_47_13_951,0.243s,0圈,59.7mN*m,第144个OK
2017_10_28_15_47_19_932,0.406s,1圈,59.5mN*m,第145个OK
2017_10_28_15_47_26_231,0.362s,0.7圈,59.5mN*m,第146个OK
2017_10_28_15_47_32_34,0.324s,0.4圈,59.5mN*m,第147个OK
2017_10_28_15_47_38_517,0.365s,0.7圈,59.5mN*m,第148个OK
2017_10_28_15_47_44_964,0.269s,0.1圈,59.5mN*m,第149个OK
2017_10_28_15_47_51_1,0.262s,0.1圈,59.5mN*m,第150个OK
2017_10_28_15_48_21_232,0.304s,0.3圈,59.7mN*m,第151个OK
2017_10_28_15_48_27_460,0.256s,0圈,59.5mN*m,第152个OK
2017_10_28_15_48_33_729,0.4s,0.9圈,59.5mN*m,第153个OK
2017_10_28_15_48_39_634,0.336s,0.5圈,59.5mN*m,第154个OK
2017_10_28_15_48_45_662,0.302s,0.3圈,59.5mN*m,第155个OK
2017_10_28_15_48_52_54,0.31s,0.4圈,59.7mN*m,第156个OK
2017_10_28_15_48_58_60,0.304s,0圈,59.5mN*m,第157个OK
2017_10_28_15_49_18_575,0.338s,0.5圈,59.7mN*m,第158个OK
2017_10_28_15_49_24_837,0.368s,0.8圈,59.7mN*m,第159个OK
2017_10_28_15_55_52_0,0.29s,0.1圈,59.5mN*m,第160个OK
2017_10_28_15_55_58_357,0.379s,0.4圈,59.5mN*m,第161个OK
2017_10_28_15_56_4_530,0.294s,0.2圈,59.5mN*m,第162个OK
2017_10_28_15_58_5_141,0.314s,0.3圈,59.5mN*m,第163个OK
2017_10_28_15_58_25_457,0.409s,0.8圈,59.5mN*m,第164个OK
2017_10_28_15_58_37_423,0.315s,0圈,59.5mN*m,第165个OK
2017_10_28_15_58_43_533,0.364s,0.7圈,59.5mN*m,第166个OK
2017_10_28_15_58_49_418,0.243s,0圈,59.5mN*m,第167个OK
2017_10_28_15_58_55_706,0.349s,0.5圈,59.5mN*m,第168个OK
2017_10_28_15_59_1_763,0.294s,0.2圈,59.5mN*m,第169个OK
2017_10_28_15_59_8_232,0.34s,0.4圈,59.5mN*m,第170个OK
2017_10_28_15_59_14_628,0.389s,0.8圈,59.5mN*m,第171个OK
2017_10_28_15_59_21_123,0.248s,0圈,59.5mN*m,第172个OK
2017_10_28_15_59_27_355,0.335s,0.6圈,59.5mN*m,第173个OK
2017_10_28_16_1_36_556,0.31s,0.1圈,59.5mN*m,第174个OK
2017_10_28_16_2_20_772,0.957s,0.7圈,59.5mN*m,第175个OK
2017_10_28_16_2_52_366,0.313s,0.4圈,59.5mN*m,第176个OK
2017_10_28_16_3_0_350,0.37s,0.7圈,59.7mN*m,第177个OK
2017_10_28_16_3_6_730,0.371s,0.6圈,59.5mN*m,第178个OK
2017_10_28_16_3_12_957,0.28s,0.2圈,59.5mN*m,第179个OK
2017_10_28_16_3_19_425,0.375s,0.7圈,59.7mN*m,第180个OK
2017_10_28_16_3_25_475,0.293s,0.1圈,59.7mN*m,第181个OK
2017_10_28_16_3_31_536,0.29s,0.2圈,59.5mN*m,第182个OK
2017_10_28_16_3_37_583,0.278s,0.1圈,59.5mN*m,第183个OK
2017_10_28_16_3_43_628,0.308s,0.3圈,59.5mN*m,第184个OK
2017_10_28_16_3_52_66,0.314s,0圈,59.5mN*m,第185个OK
2017_10_28_16_3_58_881,0.284s,0圈,59.7mN*m,第186个OK
2017_10_28_16_4_6_160,0.294s,0圈,59.7mN*m,第187个OK
2017_10_28_16_4_12_450,0.39s,0.9圈,59.5mN*m,第188个OK
2017_10_28_16_4_18_693,0.289s,0.1圈,59.5mN*m,第189个OK
2017_10_28_16_4_25_69,0.336s,0.6圈,59.5mN*m,第190个OK
2017_10_28_16_4_31_532,0.353s,0.6圈,59.5mN*m,第191个OK
2017_10_28_16_4_37_854,0.369s,0.8圈,59.7mN*m,第192个OK
2017_10_28_16_4_43_969,0.393s,0.6圈,59.5mN*m,第193个OK
2017_10_28_16_4_50_552,0.348s,0.7圈,59.5mN*m,第194个OK
2017_10_28_16_4_58_536,0.295s,0圈,59.5mN*m,第195个OK
2017_10_28_16_5_4_835,0.332s,0.4圈,59.5mN*m,第196个OK
2017_10_28_16_5_11_387,0.404s,0.7圈,59.7mN*m,第197个OK
2017_10_28_16_5_17_398,0.365s,0.7圈,59.5mN*m,第198个OK
2017_10_28_16_5_25_764,0.378s,0.2圈,59.5mN*m,第199个OK
2017_10_28_16_5_29_682,0.35s,0.6圈,59.7mN*m,第200个OK
2017_10_28_16_6_52_79,0.263s,0圈,59.5mN*m,第201个OK
2017_10_28_16_6_57_924,0.357s,0.7圈,59.7mN*m,第202个OK
2017_10_28_16_7_4_158,0.251s,0圈,59.5mN*m,第203个OK
2017_10_28_16_7_9_349,0.242s,0圈,59.5mN*m,第204个OK
2017_10_28_16_7_15_397,0.307s,0.3圈,59.5mN*m,第205个OK
2017_10_28_16_7_21_530,0.364s,0.8圈,59.5mN*m,第206个OK
2017_10_28_16_7_27_577,0.317s,0.4圈,59.5mN*m,第207个OK
2017_10_28_16_7_33_798,0.24s,0圈,59.5mN*m,第208个OK
2017_10_28_16_7_41_698,0.301s,0圈,59.5mN*m,第209个OK
2017_10_28_16_7_47_834,0.31s,0.2圈,59.5mN*m,第210个OK
2017_10_28_16_7_53_965,0.32s,0.3圈,59.5mN*m,第211个OK
2017_10_28_16_7_59_935,0.3s,0.2圈,59.5mN*m,第212个OK
2017_10_28_16_8_8_472,0.305s,0圈,59.7mN*m,第213个OK
2017_10_28_16_8_15_771,0.321s,0圈,59.7mN*m,第214个OK
2017_10_28_16_8_23_823,0.33s,0圈,59.5mN*m,第215个OK
2017_10_28_16_8_30_363,0.243s,0圈,59.7mN*m,第216个OK
2017_10_28_16_8_35_843,0.293s,0.2圈,59.5mN*m,第217个OK
2017_10_28_16_8_42_97,0.452s,1.2圈,59.5mN*m,第218个OK
2017_10_28_16_8_47_759,0.357s,0.7圈,59.5mN*m,第219个OK
2017_10_28_16_8_53_776,0.348s,0.5圈,59.5mN*m,第220个OK
2017_10_28_16_8_59_667,0.247s,0圈,59.5mN*m,第221个OK
2017_10_28_16_9_5_809,0.289s,0.3圈,59.5mN*m,第222个OK
2017_10_28_16_9_13_108,0.31s,0圈,59.7mN*m,第223个OK
2017_10_28_16_9_19_246,0.327s,0.5圈,59.5mN*m,第224个OK
2017_10_28_16_9_25_138,0.304s,0.1圈,59.5mN*m,第225个OK
2017_10_28_16_9_31_272,0.27s,0.1圈,59.5mN*m,第226个OK
2017_10_28_16_9_37_404,0.334s,0.5圈,59.5mN*m,第227个OK
2017_10_28_16_9_43_616,0.403s,0.9圈,59.5mN*m,第228个OK
2017_10_28_16_9_51_603,1.152s,7.5圈,5.7mN*m,第229个NG
2017_10_28_16_9_56_983,0.271s,0.1圈,59.5mN*m,第230个OK
2017_10_28_16_10_3_116,0.276s,0圈,59.5mN*m,第231个OK
2017_10_28_16_10_9_334,0.339s,0.5圈,59.5mN*m,第232个OK
2017_10_28_16_10_15_562,0.286s,0.1圈,59.5mN*m,第233个OK
2017_10_28_16_10_21_520,0.303s,0.3圈,59.5mN*m,第234个OK
2017_10_28_16_10_27_819,0.343s,0.5圈,59.5mN*m,第235个OK
2017_10_28_16_10_33_873,0.354s,0.4圈,59.5mN*m,第236个OK
2017_10_28_16_10_40_432,0.255s,0圈,59.7mN*m,第237个OK
2017_10_28_16_10_46_738,0.336s,0.5圈,59.7mN*m,第238个OK
2017_10_28_16_10_52_933,0.316s,0.4圈,59.5mN*m,第239个OK
2017_10_28_16_10_58_832,0.295s,0.3圈,59.5mN*m,第240个OK
2017_10_28_16_11_6_341,0.317s,0.3圈,59.5mN*m,第241个OK
2017_10_28_16_11_19_580,0.311s,0.2圈,59.7mN*m,第242个OK
2017_10_28_16_11_30_668,1.182s,7.5圈,31mN*m,第243个NG
2017_10_28_16_11_37_54,0.282s,0.1圈,59.5mN*m,第244个OK
2017_10_28_16_11_43_101,0.246s,0圈,59.5mN*m,第245个OK
2017_10_28_16_12_0_355,0.28s,0圈,59.5mN*m,第246个OK
2017_10_28_16_12_9_580,0.251s,0圈,59.5mN*m,第247个OK
2017_10_28_16_12_17_237,0.3s,0.3圈,59.7mN*m,第248个OK
2017_10_28_16_12_26_909,0.287s,0圈,59.5mN*m,第249个OK
2017_10_28_16_12_32_725,0.285s,0.1圈,59.7mN*m,第250个OK
2017_10_28_16_12_42_546,0.336s,0.6圈,59.5mN*m,第251个OK
2017_10_28_16_12_48_432,0.3s,0.2圈,59.5mN*m,第252个OK
2017_10_28_16_12_55_836,0.343s,0.3圈,59.5mN*m,第253个OK
2017_10_28_16_13_2_310,0.256s,0圈,59.5mN*m,第254个OK
2017_10_28_16_13_11_643,0.311s,0圈,59.5mN*m,第255个OK
2017_10_28_16_13_17_777,0.335s,0.5圈,59.7mN*m,第256个OK
2017_10_28_16_13_28_703,0.435s,0.9圈,59.5mN*m,第257个OK
2017_10_28_16_13_36_823,0.358s,0.7圈,59.5mN*m,第258个OK
2017_10_28_16_13_44_781,0.289s,0圈,59.5mN*m,第259个OK
2017_10_28_16_13_54_450,0.376s,0.8圈,59.7mN*m,第260个OK
2017_10_28_16_14_5_527,0.288s,0圈,59.5mN*m,第261个OK
2017_10_28_16_14_15_107,0.242s,0圈,59.5mN*m,第262个OK
2017_10_28_16_14_21_339,0.289s,0圈,59.5mN*m,第263个OK
2017_10_28_16_14_27_245,0.36s,0.6圈,59.5mN*m,第264个OK
2017_10_28_16_14_33_379,0.317s,0.4圈,59.5mN*m,第265个OK
2017_10_28_16_14_45_900,0.345s,0圈,59.5mN*m,第266个OK
2017_10_28_16_14_56_411,0.303s,0.3圈,59.5mN*m,第267个OK
2017_10_28_16_15_5_237,0.302s,0.4圈,59.5mN*m,第268个OK
2017_10_28_16_15_13_125,0.297s,0.2圈,59.5mN*m,第269个OK
2017_10_28_16_15_19_430,0.315s,0.3圈,59.5mN*m,第270个OK
2017_10_28_16_15_25_219,0.287s,0.2圈,59.5mN*m,第271个OK
2017_10_28_16_15_31_441,0.301s,0.2圈,59.5mN*m,第272个OK
2017_10_28_16_15_40_699,0.419s,0.9圈,59.5mN*m,第273个OK
2017_10_28_16_15_52_208,0.25s,0圈,59.5mN*m,第274个OK
2017_10_28_16_15_58_208,0.283s,0.1圈,59.5mN*m,第275个OK
2017_10_28_16_16_3_611,0.283s,0.1圈,59.5mN*m,第276个OK
2017_10_28_16_16_9_801,0.305s,0.2圈,59.5mN*m,第277个OK
2017_10_28_16_16_16_112,0.35s,0.6圈,59.5mN*m,第278个OK
2017_10_28_16_16_22_284,0.406s,1.1圈,59.5mN*m,第279个OK
2017_10_28_16_16_31_869,0.373s,0.8圈,59.5mN*m,第280个OK
2017_10_28_16_16_47_151,0.289s,0圈,59.5mN*m,第281个OK
2017_10_28_16_16_57_500,0.299s,0.3圈,59.5mN*m,第282个OK
2017_10_28_16_17_8_257,0.395s,0.8圈,59.5mN*m,第283个OK
2017_10_28_16_17_18_340,0.296s,0.3圈,59.7mN*m,第284个OK
2017_10_28_16_17_34_220,0.313s,0.2圈,59.5mN*m,第285个OK
2017_10_28_16_17_53_134,0.369s,0.2圈,59.5mN*m,第286个OK
2017_10_28_16_18_6_625,0.291s,0.2圈,59.5mN*m,第287个OK
2017_10_28_16_18_16_96,0.359s,0.5圈,59.5mN*m,第288个OK
2017_10_28_16_18_22_401,0.336s,0.4圈,59.5mN*m,第289个OK
2017_10_28_16_18_35_987,0.347s,0.5圈,59.5mN*m,第290个OK
2017_10_28_16_18_42_204,0.374s,0.8圈,59.5mN*m,第291个OK
2017_10_28_16_18_48_679,0.465s,1.3圈,59.5mN*m,第292个OK
2017_10_28_16_18_54_482,0.446s,1.1圈,59.7mN*m,第293个OK
2017_10_28_16_19_0_644,0.402s,0.9圈,59.5mN*m,第294个OK
2017_10_28_16_19_11_5,0.313s,0圈,59.5mN*m,第295个OK
2017_10_28_16_19_22_321,1.153s,7.5圈,12.2mN*m,第296个NG
2017_10_28_16_19_31_834,0.305s,0圈,59.5mN*m,第297个OK
2017_10_28_16_19_37_664,0.299s,0.3圈,59.5mN*m,第298个OK
2017_10_28_16_19_48_477,0.297s,0圈,59.7mN*m,第299个OK
2017_10_28_16_19_56_36,0.289s,0.2圈,59.5mN*m,第300个OK
2017_10_28_16_21_22_500,0.273s,0.1圈,59.5mN*m,第301个OK
2017_10_28_16_21_30_824,0.279s,0.1圈,59.5mN*m,第302个OK
2017_10_28_16_21_38_245,0.298s,0.2圈,59.5mN*m,第303个OK
2017_10_28_16_22_6_670,0.304s,0圈,59.5mN*m,第304个OK
2017_10_28_16_22_23_85,0.296s,0圈,59.5mN*m,第305个OK
2017_10_28_16_22_55_879,0.287s,0.2圈,59.5mN*m,第306个OK
2017_10_28_16_23_2_12,0.291s,0.2圈,59.5mN*m,第307个OK
2017_10_28_16_23_7_980,0.297s,0.2圈,59.5mN*m,第308个OK
2017_10_28_16_23_15_40,0.321s,0.4圈,59.5mN*m,第309个OK
2017_10_28_16_23_20_960,0.3s,0.2圈,59.7mN*m,第310个OK
2017_10_28_16_23_32_72,0.377s,0.7圈,59.5mN*m,第311个OK
2017_10_28_16_23_38_328,0.254s,0圈,59.5mN*m,第312个OK
2017_10_28_16_23_43_903,0.303s,0.3圈,59.5mN*m,第313个OK
2017_10_28_16_23_50_206,0.353s,0.5圈,59.5mN*m,第314个OK
2017_10_28_16_23_56_977,0.371s,0.8圈,59.5mN*m,第315个OK
2017_10_28_16_24_4_448,0.243s,0圈,59.5mN*m,第316个OK
2017_10_28_16_24_10_245,0.279s,0.1圈,59.5mN*m,第317个OK
2017_10_28_16_24_16_574,0.342s,0.5圈,59.5mN*m,第318个OK
2017_10_28_16_24_22_622,0.36s,0.7圈,59.5mN*m,第319个OK
2017_10_28_16_24_28_770,0.353s,0.6圈,59.5mN*m,第320个OK
2017_10_28_16_24_36_754,0.331s,0.5圈,59.5mN*m,第321个OK
2017_10_28_16_24_54_139,0.305s,0.4圈,59.5mN*m,第322个OK
2017_10_28_16_25_22_134,0.28s,0.1圈,59.7mN*m,第323个OK
2017_10_28_16_25_30_556,0.306s,0.2圈,59.5mN*m,第324个OK
2017_10_28_16_25_36_509,0.289s,0.2圈,59.5mN*m,第325个OK
2017_10_28_16_25_42_724,0.319s,0.4圈,59.5mN*m,第326个OK
2017_10_28_16_25_49_75,0.243s,0圈,59.5mN*m,第327个OK
2017_10_28_16_25_58_703,0.354s,0.4圈,59.7mN*m,第328个OK
2017_10_28_16_26_7_711,0.316s,0.4圈,59.5mN*m,第329个OK
2017_10_28_16_26_14_43,0.245s,0圈,59.5mN*m,第330个OK
2017_10_28_16_26_20_324,0.241s,0圈,59.7mN*m,第331个OK
2017_10_28_16_26_26_386,0.295s,0.1圈,59.5mN*m,第332个OK
2017_10_28_16_26_32_441,0.379s,0.8圈,59.7mN*m,第333个OK
2017_10_28_16_26_47_88,0.32s,0.1圈,59.5mN*m,第334个OK
2017_10_28_16_27_13_58,0.413s,1.1圈,59.7mN*m,第335个OK
2017_10_28_16_27_25_420,0.292s,0.2圈,59.5mN*m,第336个OK
2017_10_28_16_27_42_74,0.391s,0.7圈,59.7mN*m,第337个OK
2017_10_28_16_27_49_562,0.374s,0.7圈,59.5mN*m,第338个OK
2017_10_28_16_28_3_680,0.348s,0.6圈,59.5mN*m,第339个OK
2017_10_28_16_28_15_632,0.358s,0.6圈,59.7mN*m,第340个OK
2017_10_28_16_28_24_991,0.292s,0.1圈,59.5mN*m,第341个OK
2017_10_28_16_28_30_618,0.304s,0.3圈,59.5mN*m,第342个OK
2017_10_28_16_28_36_743,0.333s,0.5圈,59.5mN*m,第343个OK
2017_10_28_16_28_44_37,0.309s,0.4圈,59.5mN*m,第344个OK
2017_10_28_16_28_51_345,0.274s,0.1圈,59.5mN*m,第345个OK
2017_10_28_16_29_2_45,0.329s,0.4圈,59.5mN*m,第346个OK
2017_10_28_16_29_12_43,0.364s,0.5圈,59.5mN*m,第347个OK
2017_10_28_16_29_18_342,0.302s,0.3圈,59.5mN*m,第348个OK
2017_10_28_16_29_28_148,0.331s,0.5圈,59.5mN*m,第349个OK
2017_10_28_16_29_34_370,0.279s,0.1圈,59.5mN*m,第350个OK
2017_10_28_16_29_45_32,0.41s,0.4圈,59.7mN*m,第351个OK
2017_10_28_16_29_53_606,0.339s,0.5圈,59.5mN*m,第352个OK
2017_10_28_16_30_11_779,0.301s,0.3圈,59.5mN*m,第353个OK
2017_10_28_16_30_26_700,0.318s,0.4圈,59.5mN*m,第354个OK
2017_10_28_16_30_34_905,0.279s,0.2圈,59.5mN*m,第355个OK
2017_10_28_16_30_46_274,0.368s,0.7圈,59.5mN*m,第356个OK
2017_10_28_16_30_52_416,0.318s,0.4圈,59.5mN*m,第357个OK
2017_10_28_16_31_2_355,0.337s,0.5圈,59.5mN*m,第358个OK
2017_10_28_16_31_15_483,0.285s,0圈,59.5mN*m,第359个OK
2017_10_28_16_31_27_498,0.3s,0.1圈,59.5mN*m,第360个OK
2017_10_28_16_31_37_672,0.287s,0.1圈,59.5mN*m,第361个OK
2017_10_28_16_31_49_109,0.331s,0.5圈,59.5mN*m,第362个OK
2017_10_28_16_31_57_782,0.333s,0.5圈,59.5mN*m,第363个OK
2017_10_28_16_32_3_672,0.37s,0.8圈,59.5mN*m,第364个OK
2017_10_28_16_32_13_926,0.372s,0.7圈,59.5mN*m,第365个OK
2017_10_28_16_32_21_330,0.321s,0.5圈,59.5mN*m,第366个OK
2017_10_28_16_32_33_18,0.298s,0圈,59.5mN*m,第367个OK
2017_10_28_16_32_39_28,0.302s,0.2圈,59.5mN*m,第368个OK
2017_10_28_16_32_48_326,1.153s,7.5圈,9.9mN*m,第369个NG
2017_10_28_16_32_53_727,0.278s,0圈,59.5mN*m,第370个OK
2017_10_28_16_32_59_973,0.281s,0.2圈,59.7mN*m,第371个OK
2017_10_28_16_33_15_264,0.312s,0.4圈,59.5mN*m,第372个OK
2017_10_28_16_33_33_841,0.291s,0.2圈,59.5mN*m,第373个OK
2017_10_28_16_33_46_271,0.304s,0.3圈,59.5mN*m,第374个OK
2017_10_28_16_33_54_480,0.331s,0.2圈,59.5mN*m,第375个OK
2017_10_28_16_33_58_698,0.362s,0.6圈,59.5mN*m,第376个OK
2017_10_28_16_34_9_816,0.342s,0.6圈,59.5mN*m,第377个OK
2017_10_28_16_34_16_44,0.335s,0.5圈,59.5mN*m,第378个OK
2017_10_28_16_34_28_848,0.329s,0.4圈,59.5mN*m,第379个OK
2017_10_28_16_34_35_243,0.307s,0.3圈,59.5mN*m,第380个OK
2017_10_28_16_34_41_217,0.267s,0圈,59.7mN*m,第381个OK
2017_10_28_16_34_49_979,0.318s,0.4圈,59.5mN*m,第382个OK
2017_10_28_16_34_55_527,0.343s,0.5圈,59.5mN*m,第383个OK
2017_10_28_16_35_1_466,0.303s,0.3圈,59.5mN*m,第384个OK
2017_10_28_16_35_9_215,0.238s,0圈,59.5mN*m,第385个OK
2017_10_28_16_35_15_281,0.295s,0.2圈,59.7mN*m,第386个OK
2017_10_28_16_35_21_212,0.277s,0.1圈,59.7mN*m,第387个OK
2017_10_28_16_35_27_679,0.247s,0圈,59.5mN*m,第388个OK
2017_10_28_16_35_36_897,0.29s,0圈,59.5mN*m,第389个OK
2017_10_28_16_35_42_627,0.276s,0.1圈,59.5mN*m,第390个OK
2017_10_28_16_35_49_159,0.439s,1圈,59.5mN*m,第391个OK
2017_10_28_16_35_59_417,0.287s,0圈,59.7mN*m,第392个OK
2017_10_28_16_36_11_435,0.244s,0圈,59.5mN*m,第393个OK
2017_10_28_16_36_37_139,0.294s,0.2圈,59.5mN*m,第394个OK
2017_10_28_16_36_43_653,0.289s,0.3圈,59.5mN*m,第395个OK
2017_10_28_16_36_49_777,0.293s,0圈,59.5mN*m,第396个OK
2017_10_28_16_36_58_942,0.302s,0.3圈,59.7mN*m,第397个OK
2017_10_28_16_37_7_593,0.319s,0.3圈,59.5mN*m,第398个OK
2017_10_28_16_37_13_725,0.27s,0.1圈,59.5mN*m,第399个OK
2017_10_28_16_37_21_801,0.371s,0.7圈,59.5mN*m,第400个OK
2017_10_28_16_55_46_46,1.152s,7.5圈,6.7mN*m,第401个NG
2017_10_28_16_55_54_44,0.312s,0圈,59.5mN*m,第402个OK
2017_10_28_16_56_2_275,0.341s,0圈,59.5mN*m,第403个OK
2017_10_28_16_56_10_772,0.298s,0圈,59.5mN*m,第404个OK
2017_10_28_16_56_17_161,0.32s,0.4圈,59.5mN*m,第405个OK
2017_10_28_16_56_25_408,0.325s,0圈,59.5mN*m,第406个OK
2017_10_28_16_56_31_600,0.406s,0.7圈,59.5mN*m,第407个OK
2017_10_28_16_56_37_582,0.404s,1圈,59.5mN*m,第408个OK
2017_10_28_16_56_43_895,0.376s,0.7圈,59.5mN*m,第409个OK
2017_10_28_16_56_50_368,0.417s,0.6圈,59.5mN*m,第410个OK
2017_10_28_16_56_56_339,0.259s,0圈,59.5mN*m,第411个OK
2017_10_28_16_57_2_304,0.346s,0.5圈,59.5mN*m,第412个OK
2017_10_28_16_57_8_698,0.334s,0.5圈,59.5mN*m,第413个OK
2017_10_28_16_57_16_780,0.322s,0圈,59.5mN*m,第414个OK
2017_10_28_16_57_23_241,0.334s,0.5圈,59.5mN*m,第415个OK
2017_10_28_16_57_29_715,0.34s,0.4圈,59.7mN*m,第416个OK
2017_10_28_16_57_35_681,0.28s,0圈,59.5mN*m,第417个OK
2017_10_28_16_57_46_349,0.385s,0.8圈,59.5mN*m,第418个OK
2017_10_28_16_57_52_405,0.293s,0圈,59.5mN*m,第419个OK
2017_10_28_16_58_0_486,0.284s,0圈,59.5mN*m,第420个OK
2017_10_28_16_58_6_857,0.326s,0圈,59.5mN*m,第421个OK
2017_10_28_16_58_13_81,0.305s,0.3圈,59.7mN*m,第422个OK
2017_10_28_16_58_19_373,0.332s,0.5圈,59.5mN*m,第423个OK
2017_10_28_16_58_25_673,0.396s,0.8圈,59.5mN*m,第424个OK
2017_10_28_16_58_34_612,0.382s,0圈,59.5mN*m,第425个OK
2017_10_28_16_58_40_384,0.342s,0.6圈,59.5mN*m,第426个OK
2017_10_28_16_58_46_665,0.315s,0.4圈,59.5mN*m,第427个OK
2017_10_28_16_58_52_869,0.324s,0.4圈,59.5mN*m,第428个OK
2017_10_28_16_58_58_194,0.255s,0圈,59.5mN*m,第429个OK
2017_10_28_16_59_4_362,0.386s,0.8圈,59.7mN*m,第430个OK
2017_10_28_16_59_10_35,0.54s,0.1圈,59.5mN*m,第431个OK
2017_10_28_16_59_16_25,0.333s,0.3圈,59.5mN*m,第432个OK
2017_10_28_16_59_22_388,0.328s,0.3圈,59.5mN*m,第433个OK
2017_10_28_16_59_28_366,0.371s,0圈,59.5mN*m,第434个OK
2017_10_28_16_59_34_675,0.328s,0.3圈,59.5mN*m,第435个OK
2017_10_28_16_59_41_232,0.283s,0圈,59.5mN*m,第436个OK
2017_10_28_16_59_47_62,0.388s,0.9圈,59.5mN*m,第437个OK
2017_10_28_16_59_53_203,0.341s,0.5圈,59.5mN*m,第438个OK
2017_10_28_16_59_59_416,0.356s,0.5圈,59.7mN*m,第439个OK
2017_10_28_17_0_4_757,0.307s,0.4圈,59.5mN*m,第440个OK
2017_10_28_17_0_11_216,0.318s,0.4圈,59.5mN*m,第441个OK
2017_10_28_17_0_19_453,0.244s,0圈,59.5mN*m,第442个OK
2017_10_28_17_0_25_238,0.333s,0.4圈,59.5mN*m,第443个OK
2017_10_28_17_0_35_688,0.322s,0.1圈,59.7mN*m,第444个OK
2017_10_28_17_0_42_347,0.283s,0圈,59.5mN*m,第445个OK
2017_10_28_17_0_48_377,0.44s,1.2圈,59.5mN*m,第446个OK
2017_10_28_17_0_54_578,0.287s,0.2圈,59.5mN*m,第447个OK
2017_10_28_17_1_6_500,0.317s,0.3圈,59.7mN*m,第448个OK
2017_10_28_17_1_12_878,0.352s,0.3圈,59.7mN*m,第449个OK
2017_10_28_17_1_19_641,0.307s,0.2圈,59.5mN*m,第450个OK
2017_10_28_17_1_25_43,0.364s,0.6圈,59.7mN*m,第451个OK
2017_10_28_17_1_31_204,0.302s,0.1圈,59.7mN*m,第452个OK
2017_10_28_17_1_37_876,0.311s,0.3圈,59.5mN*m,第453个OK
2017_10_28_17_1_42_262,0.346s,0.6圈,59.7mN*m,第454个OK
2017_10_28_17_1_47_891,0.301s,0.2圈,59.5mN*m,第455个OK
2017_10_28_17_1_53_775,0.289s,0圈,59.7mN*m,第456个OK
2017_10_28_17_2_0_110,0.403s,1圈,59.5mN*m,第457个OK
2017_10_28_17_2_6_400,0.331s,0.5圈,59.5mN*m,第458个OK
2017_10_28_17_2_12_171,0.289s,0.1圈,59.5mN*m,第459个OK
2017_10_28_17_2_18_390,0.313s,0.3圈,59.5mN*m,第460个OK
2017_10_28_17_2_24_612,0.29s,0.2圈,59.5mN*m,第461个OK
2017_10_28_17_2_30_833,0.358s,0.7圈,59.5mN*m,第462个OK
2017_10_28_17_2_37_300,0.305s,0.2圈,59.5mN*m,第463个OK
2017_10_28_17_2_43_349,0.308s,0.4圈,59.5mN*m,第464个OK
2017_10_28_17_2_48_897,0.282s,0.1圈,59.5mN*m,第465个OK
2017_10_28_17_2_55_369,0.277s,0.2圈,59.5mN*m,第466个OK
2017_10_28_17_3_2_693,0.29s,0.3圈,59.5mN*m,第467个OK
2017_10_28_17_3_16_972,0.404s,1圈,59.5mN*m,第468个OK
2017_10_28_17_3_25_586,0.378s,0.7圈,59.5mN*m,第469个OK
2017_10_28_17_3_33_307,0.286s,0.1圈,59.5mN*m,第470个OK
2017_10_28_17_3_41_806,0.379s,0.8圈,59.7mN*m,第471个OK
2017_10_28_17_3_51_163,0.294s,0圈,59.5mN*m,第472个OK
2017_10_28_17_3_57_170,0.267s,0圈,59.5mN*m,第473个OK
2017_10_28_17_4_5_321,0.405s,0.8圈,59.5mN*m,第474个OK
2017_10_28_17_4_11_179,0.329s,0.3圈,59.5mN*m,第475个OK
2017_10_28_17_4_17_216,0.305s,0.2圈,59.5mN*m,第476个OK
2017_10_28_17_4_23_99,0.276s,0圈,59.7mN*m,第477个OK
2017_10_28_17_4_30_878,0.238s,0圈,59.5mN*m,第478个OK
2017_10_28_17_4_38_394,0.376s,0.8圈,59.5mN*m,第479个OK
2017_10_28_17_4_44_682,0.488s,1.2圈,59.7mN*m,第480个OK
2017_10_28_17_4_50_834,0.283s,0.2圈,59.5mN*m,第481个OK
2017_10_28_17_4_56_912,0.265s,0.1圈,59.7mN*m,第482个OK
2017_10_28_17_5_3_460,0.385s,0.8圈,59.7mN*m,第483个OK
2017_10_28_17_5_9_721,0.361s,0.7圈,59.5mN*m,第484个OK
2017_10_28_17_5_15_580,0.33s,0.5圈,59.5mN*m,第485个OK
2017_10_28_17_5_22_5,0.307s,0.2圈,59.5mN*m,第486个OK
2017_10_28_17_5_28_266,0.31s,0.3圈,59.5mN*m,第487个OK
2017_10_28_17_5_34_658,0.336s,0.4圈,59.5mN*m,第488个OK
2017_10_28_17_5_40_874,0.359s,0.6圈,59.5mN*m,第489个OK
2017_10_28_17_5_47_12,0.265s,0圈,59.5mN*m,第490个OK
2017_10_28_17_5_53_89,0.378s,0.7圈,59.5mN*m,第491个OK
2017_10_28_17_5_59_861,0.272s,0.1圈,59.5mN*m,第492个OK
2017_10_28_17_6_12_452,0.279s,0.2圈,59.5mN*m,第493个OK
2017_10_28_17_6_18_584,0.327s,0圈,59.5mN*m,第494个OK
2017_10_28_17_6_25_112,0.308s,0.2圈,59.7mN*m,第495个OK
2017_10_28_17_6_30_665,0.265s,0圈,59.7mN*m,第496个OK
2017_10_28_17_6_36_769,0.4s,0.8圈,59.5mN*m,第497个OK
2017_10_28_17_6_44_754,0.298s,0圈,59.5mN*m,第498个OK
2017_10_28_17_7_14_349,0.274s,0.1圈,59.5mN*m,第499个OK
2017_10_28_17_7_20_413,0.301s,0圈,59.5mN*m,第500个OK
2017_10_28_17_8_48_528,0.31s,0.3圈,59.5mN*m,第501个OK
2017_10_28_17_8_56_424,0.282s,0圈,59.5mN*m,第502个OK
2017_10_28_17_9_22_356,0.339s,0.4圈,59.5mN*m,第503个OK
2017_10_28_17_9_49_70,0.359s,0.7圈,59.7mN*m,第504个OK
2017_10_28_17_10_4_521,0.255s,0圈,59.5mN*m,第505个OK
2017_10_28_17_10_12_179,0.399s,0.7圈,59.5mN*m,第506个OK
2017_10_28_17_10_37_250,0.307s,0圈,59.5mN*m,第507个OK
2017_10_28_17_10_46_390,0.335s,0.4圈,59.5mN*m,第508个OK
2017_10_28_17_10_54_235,0.385s,0.5圈,59.7mN*m,第509个OK
2017_10_28_17_11_0_715,0.264s,0圈,59.5mN*m,第510个OK
2017_10_28_17_11_6_529,0.411s,0.9圈,59.5mN*m,第511个OK
2017_10_28_17_11_12_340,0.252s,0圈,59.5mN*m,第512个OK
2017_10_28_17_11_17_970,0.312s,0.4圈,59.5mN*m,第513个OK
2017_10_28_17_11_24_103,0.359s,0.5圈,59.5mN*m,第514个OK
2017_10_28_17_11_30_3,0.278s,0.1圈,59.5mN*m,第515个OK
2017_10_28_17_11_36_541,0.247s,0圈,59.5mN*m,第516个OK
2017_10_28_17_11_42_505,0.37s,0.8圈,59.5mN*m,第517个OK
2017_10_28_17_11_48_661,0.294s,0圈,59.7mN*m,第518个OK
2017_10_28_17_11_54_926,0.331s,0.5圈,59.5mN*m,第519个OK
2017_10_28_17_12_1_181,0.443s,1.1圈,59.5mN*m,第520个OK
2017_10_28_17_12_9_272,0.293s,0圈,59.7mN*m,第521个OK
2017_10_28_17_12_15_181,0.33s,0.5圈,59.5mN*m,第522个OK
2017_10_28_17_12_21_290,0.28s,0.1圈,59.5mN*m,第523个OK
2017_10_28_17_12_27_482,0.295s,0圈,59.5mN*m,第524个OK
2017_10_28_17_12_33_614,0.315s,0.2圈,59.7mN*m,第525个OK
2017_10_28_17_12_41_691,0.3s,0圈,59.5mN*m,第526个OK
2017_10_28_17_12_47_534,0.292s,0.1圈,59.7mN*m,第527个OK
2017_10_28_17_12_55_151,1.152s,7.5圈,8.9mN*m,第528个NG
2017_10_28_17_13_1_380,0.256s,0圈,59.5mN*m,第529个OK
2017_10_28_17_13_7_428,0.342s,0.5圈,59.5mN*m,第530个OK
2017_10_28_17_13_13_342,0.25s,0圈,59.5mN*m,第531个OK
2017_10_28_17_13_19_615,0.281s,0圈,59.5mN*m,第532个OK
2017_10_28_17_13_25_491,0.286s,0.2圈,59.7mN*m,第533个OK
2017_10_28_17_13_31_675,0.367s,0.7圈,59.7mN*m,第534个OK
2017_10_28_17_13_37_930,0.358s,0.5圈,59.5mN*m,第535个OK
2017_10_28_17_13_44_81,0.397s,0.7圈,59.5mN*m,第536个OK
2017_10_28_17_13_50_364,0.368s,0.8圈,59.5mN*m,第537个OK
2017_10_28_17_13_58_612,0.288s,0圈,59.5mN*m,第538个OK
2017_10_28_17_14_4_596,0.269s,0圈,59.5mN*m,第539个OK
2017_10_28_17_14_10_990,0.42s,0.4圈,59.5mN*m,第540个OK
2017_10_28_17_14_17_288,0.337s,0.4圈,59.5mN*m,第541个OK
2017_10_28_17_14_23_426,0.326s,0.5圈,59.5mN*m,第542个OK
2017_10_28_17_14_29_672,0.298s,0.2圈,59.7mN*m,第543个OK
2017_10_28_17_14_35_761,0.327s,0.4圈,59.5mN*m,第544个OK
2017_10_28_17_14_41_376,0.304s,0.1圈,59.5mN*m,第545个OK
2017_10_28_17_14_47_428,0.333s,0.5圈,59.5mN*m,第546个OK
2017_10_28_17_14_53_908,0.38s,0.7圈,59.5mN*m,第547个OK
2017_10_28_17_14_59_784,0.333s,0.5圈,59.5mN*m,第548个OK
2017_10_28_17_15_6_958,0.288s,0.1圈,59.5mN*m,第549个OK
2017_10_28_17_15_12_236,0.347s,0.5圈,59.5mN*m,第550个OK
2017_10_28_17_15_17_967,0.249s,0圈,59.5mN*m,第551个OK
2017_10_28_17_15_27_195,0.302s,0圈,59.5mN*m,第552个OK
2017_10_28_17_15_31_756,0.305s,0圈,59.5mN*m,第553个OK
2017_10_28_17_15_46_53,0.292s,0圈,59.5mN*m,第554个OK
2017_10_28_17_15_51_952,0.342s,0.4圈,59.5mN*m,第555个OK
2017_10_28_17_16_0_247,0.29s,0圈,59.7mN*m,第556个OK
2017_10_28_17_16_6_471,0.319s,0.4圈,59.5mN*m,第557个OK
2017_10_28_17_16_12_532,0.328s,0.3圈,59.7mN*m,第558个OK
2017_10_28_17_16_18_597,0.327s,0.3圈,59.5mN*m,第559个OK
2017_10_28_17_16_24_789,0.3s,0.3圈,59.5mN*m,第560个OK
2017_10_28_17_16_31_55,0.366s,0.5圈,59.5mN*m,第561个OK
2017_10_28_17_16_37_23,0.33s,0.5圈,59.7mN*m,第562个OK
2017_10_28_17_16_43_176,0.309s,0.3圈,59.5mN*m,第563个OK
2017_10_28_17_16_49_61,0.268s,0.1圈,59.5mN*m,第564个OK
2017_10_28_17_16_59_479,0.285s,0.2圈,59.5mN*m,第565个OK
2017_10_28_17_17_5_17,0.429s,0.9圈,59.7mN*m,第566个OK
2017_10_28_17_17_11_409,0.413s,0.9圈,59.5mN*m,第567个OK
2017_10_28_17_17_17_722,0.362s,0.6圈,59.5mN*m,第568个OK
2017_10_28_17_17_24_28,0.315s,0.4圈,59.5mN*m,第569个OK
2017_10_28_17_17_30_159,0.359s,0.6圈,59.5mN*m,第570个OK
2017_10_28_17_17_36_47,0.355s,0.7圈,59.7mN*m,第571个OK
2017_10_28_17_17_42_698,0.427s,1圈,59.5mN*m,第572个OK
2017_10_28_17_17_48_840,0.284s,0.2圈,59.5mN*m,第573个OK
2017_10_28_17_17_55_319,0.259s,0圈,59.5mN*m,第574个OK
2017_10_28_17_18_1_130,0.28s,0.1圈,59.7mN*m,第575个OK
2017_10_28_17_18_9_834,0.346s,0.1圈,59.5mN*m,第576个OK
2017_10_28_17_18_15_965,0.329s,0.4圈,59.5mN*m,第577个OK
2017_10_28_17_18_22_195,0.41s,1圈,59.5mN*m,第578个OK
2017_10_28_17_18_28_331,0.311s,0.3圈,59.5mN*m,第579个OK
2017_10_28_17_18_39_980,0.363s,0.5圈,59.5mN*m,第580个OK
2017_10_28_17_18_54_456,0.545s,1.3圈,59.5mN*m,第581个OK
2017_10_28_17_19_6_822,0.323s,0.4圈,59.5mN*m,第582个OK
2017_10_28_17_19_13_112,0.339s,0.5圈,59.7mN*m,第583个OK
2017_10_28_17_19_21_104,0.308s,0圈,59.7mN*m,第584个OK
2017_10_28_17_19_27_396,0.285s,0圈,59.5mN*m,第585个OK
2017_10_28_17_19_34_788,0.311s,0.2圈,59.5mN*m,第586个OK
2017_10_28_17_19_40_849,0.348s,0.4圈,59.5mN*m,第587个OK
2017_10_28_17_19_47_148,0.318s,0.3圈,59.5mN*m,第588个OK
2017_10_28_17_19_53_36,0.344s,0.4圈,59.5mN*m,第589个OK
2017_10_28_17_19_59_92,0.284s,0.1圈,59.7mN*m,第590个OK
2017_10_28_17_20_8_779,0.321s,0圈,59.7mN*m,第591个OK
2017_10_28_17_20_17_245,0.298s,0圈,59.5mN*m,第592个OK
2017_10_28_17_20_23_370,0.258s,0圈,59.5mN*m,第593个OK
2017_10_28_17_20_29_424,0.317s,0.4圈,59.5mN*m,第594个OK
2017_10_28_17_20_35_410,0.281s,0.1圈,59.5mN*m,第595个OK
2017_10_28_17_20_43_727,0.313s,0.3圈,59.5mN*m,第596个OK
2017_10_28_17_20_49_870,0.345s,0.4圈,59.5mN*m,第597个OK
2017_10_28_17_20_56_166,0.33s,0.3圈,59.5mN*m,第598个OK
2017_10_28_17_21_2_131,0.297s,0.3圈,59.7mN*m,第599个OK
2017_10_28_17_21_11_207,0.315s,0圈,59.7mN*m,第600个OK
2017_10_28_17_26_32_81,0.4s,0.9圈,59.5mN*m,第601个OK
2017_10_28_17_26_38_47,0.32s,0.4圈,59.5mN*m,第602个OK
2017_10_28_17_26_44_185,0.275s,0.1圈,59.5mN*m,第603个OK
2017_10_28_17_26_50_400,0.256s,0圈,59.5mN*m,第604个OK
2017_10_28_17_26_56_197,0.343s,0.5圈,59.5mN*m,第605个OK
2017_10_28_17_27_5_606,0.31s,0.4圈,59.5mN*m,第606个OK
2017_10_28_17_27_14_179,0.431s,1圈,59.5mN*m,第607个OK
2017_10_28_17_27_23_455,0.293s,0圈,59.5mN*m,第608个OK
2017_10_28_17_27_29_653,0.318s,0.2圈,59.5mN*m,第609个OK
2017_10_28_17_27_37_99,1.153s,7.5圈,11.2mN*m,第610个NG
2017_10_28_17_27_44_742,0.297s,0圈,59.7mN*m,第611个OK
2017_10_28_17_27_50_368,0.372s,0.7圈,59.7mN*m,第612个OK
2017_10_28_17_27_56_283,0.373s,0.6圈,59.5mN*m,第613个OK
2017_10_28_17_28_2_83,0.292s,0.1圈,59.5mN*m,第614个OK
2017_10_28_17_28_7_964,0.282s,0.1圈,59.5mN*m,第615个OK
2017_10_28_17_28_14_185,0.393s,0.8圈,59.5mN*m,第616个OK
2017_10_28_17_28_20_446,0.311s,0.1圈,59.5mN*m,第617个OK
2017_10_28_17_28_26_583,0.298s,0.2圈,59.5mN*m,第618个OK
2017_10_28_17_28_32_887,0.301s,0.1圈,59.5mN*m,第619个OK
2017_10_28_17_28_39_111,0.296s,0.1圈,59.5mN*m,第620个OK
2017_10_28_17_28_45_435,0.296s,0.2圈,59.5mN*m,第621个OK
2017_10_28_17_28_51_310,0.257s,0圈,59.5mN*m,第622个OK
2017_10_28_17_28_57_232,0.305s,0.3圈,59.5mN*m,第623个OK
2017_10_28_17_29_3_508,0.367s,0.7圈,59.7mN*m,第624个OK
2017_10_28_17_29_9_326,0.382s,0.8圈,59.5mN*m,第625个OK
2017_10_28_17_29_15_532,0.281s,0圈,59.5mN*m,第626个OK
2017_10_28_17_29_21_503,0.258s,0圈,59.5mN*m,第627个OK
2017_10_28_17_29_27_391,0.284s,0圈,59.7mN*m,第628个OK
2017_10_28_17_29_33_710,0.311s,0.2圈,59.7mN*m,第629个OK
2017_10_28_17_29_39_886,0.303s,0.2圈,59.5mN*m,第630个OK
2017_10_28_17_29_45_935,0.294s,0圈,59.5mN*m,第631个OK
2017_10_28_17_29_58_20,0.369s,0.7圈,59.5mN*m,第632个OK
2017_10_28_17_30_4_465,0.277s,0.1圈,59.7mN*m,第633个OK
2017_10_28_17_30_10_521,0.359s,0.4圈,59.5mN*m,第634个OK
2017_10_28_17_30_16_727,0.3s,0.3圈,59.5mN*m,第635个OK
2017_10_28_17_30_22_927,0.402s,0.6圈,59.5mN*m,第636个OK
2017_10_28_17_30_29_310,0.357s,0.7圈,59.7mN*m,第637个OK
2017_10_28_17_30_35_360,0.306s,0.3圈,59.5mN*m,第638个OK
2017_10_28_17_30_41_767,0.322s,0.5圈,59.5mN*m,第639个OK
2017_10_28_17_30_48_155,0.406s,0.9圈,59.5mN*m,第640个OK
2017_10_28_17_30_54_206,0.355s,0.2圈,59.5mN*m,第641个OK
2017_10_28_17_31_0_338,0.276s,0圈,59.5mN*m,第642个OK
2017_10_28_17_31_6_405,0.321s,0.4圈,59.5mN*m,第643个OK
2017_10_28_17_31_12_551,0.345s,0.4圈,59.5mN*m,第644个OK
2017_10_28_17_31_18_783,0.37s,0.8圈,59.5mN*m,第645个OK
2017_10_28_17_31_24_900,0.338s,0.6圈,59.5mN*m,第646个OK
2017_10_28_17_31_32_988,1.152s,7.5圈,7.2mN*m,第647个NG
2017_10_28_17_31_39_269,1.152s,7.5圈,6.7mN*m,第648个NG
2017_10_28_17_31_46_73,1.152s,7.5圈,5.5mN*m,第649个NG
2017_10_28_17_31_52_375,0.247s,0圈,59.7mN*m,第650个OK
2017_10_28_17_31_59_781,1.233s,7.5圈,20.7mN*m,第651个NG
2017_10_28_17_32_5_845,0.357s,0.7圈,59.5mN*m,第652个OK
2017_10_28_17_32_12_422,1.152s,7.5圈,7mN*m,第653个NG
2017_10_28_17_32_18_286,0.366s,0.7圈,59.7mN*m,第654个OK
2017_10_28_17_32_24_755,0.437s,1圈,59.5mN*m,第655个OK
2017_10_28_17_32_32_651,0.319s,0圈,59.5mN*m,第656个OK
2017_10_28_17_32_38_712,0.298s,0.2圈,59.5mN*m,第657个OK
2017_10_28_17_32_44_938,0.304s,0.2圈,59.5mN*m,第658个OK
2017_10_28_17_32_51_207,0.276s,0.1圈,59.5mN*m,第659个OK
2017_10_28_17_32_57_534,0.363s,0.7圈,59.5mN*m,第660个OK
2017_10_28_17_33_3_609,0.324s,0.4圈,59.5mN*m,第661个OK
2017_10_28_17_33_9_917,0.324s,0.5圈,59.5mN*m,第662个OK
2017_10_28_17_33_16_228,0.388s,0.8圈,59.5mN*m,第663个OK
2017_10_28_17_33_22_295,0.428s,1圈,59.5mN*m,第664个OK
2017_10_28_17_33_28_597,0.38s,0.8圈,59.5mN*m,第665个OK
2017_10_28_17_33_34_363,0.286s,0.2圈,59.5mN*m,第666个OK
2017_10_28_17_33_40_665,0.394s,0.8圈,59.5mN*m,第667个OK
2017_10_28_17_33_47_53,0.302s,0圈,59.5mN*m,第668个OK
2017_10_28_17_33_53_190,0.263s,0圈,59.7mN*m,第669个OK
2017_10_28_17_33_59_328,0.28s,0圈,59.7mN*m,第670个OK
2017_10_28_17_34_5_459,0.345s,0.6圈,59.5mN*m,第671个OK
2017_10_28_17_34_11_683,0.309s,0.4圈,59.5mN*m,第672个OK
2017_10_28_17_34_17_696,0.259s,0圈,59.5mN*m,第673个OK
2017_10_28_17_35_34_692,0.352s,0.6圈,59.5mN*m,第674个OK
2017_10_28_17_35_41_54,0.39s,0.8圈,59.5mN*m,第675个OK
2017_10_28_17_35_47_557,0.393s,1圈,59.5mN*m,第676个OK
2017_10_28_17_35_53_517,0.294s,0圈,59.5mN*m,第677个OK
2017_10_28_17_36_0_83,0.367s,0.8圈,59.5mN*m,第678个OK
2017_10_28_17_36_6_395,0.373s,0.7圈,59.5mN*m,第679个OK
2017_10_28_17_36_16_144,0.25s,0圈,59.5mN*m,第680个OK
2017_10_28_17_36_22_213,0.299s,0.2圈,59.7mN*m,第681个OK
2017_10_28_17_36_28_511,0.452s,1.1圈,59.5mN*m,第682个OK
2017_10_28_17_36_34_740,0.331s,0.4圈,59.5mN*m,第683个OK
2017_10_28_17_36_43_887,0.335s,0.4圈,59.7mN*m,第684个OK
2017_10_28_17_36_54_654,0.358s,0.5圈,59.5mN*m,第685个OK
2017_10_28_17_37_3_133,0.305s,0.3圈,59.5mN*m,第686个OK
2017_10_28_17_37_18_13,0.339s,0.6圈,59.5mN*m,第687个OK
2017_10_28_17_37_29_946,0.353s,0.6圈,59.5mN*m,第688个OK
2017_10_28_17_37_38_860,0.378s,0.8圈,59.5mN*m,第689个OK
2017_10_28_17_37_49_121,0.29s,0圈,59.7mN*m,第690个OK
2017_10_28_17_46_8_327,0.349s,0.5圈,59.7mN*m,第691个OK
2017_10_28_17_46_16_323,1.153s,7.5圈,22.6mN*m,第692个NG
2017_10_28_17_46_22_296,0.343s,0.6圈,59.5mN*m,第693个OK
2017_10_28_17_46_28_887,0.303s,0.1圈,59.5mN*m,第694个OK
2017_10_28_17_46_35_292,0.362s,0.6圈,59.5mN*m,第695个OK
2017_10_28_17_46_41_839,0.354s,0.6圈,59.5mN*m,第696个OK
2017_10_28_17_47_5_258,0.36s,0.6圈,59.7mN*m,第697个OK
2017_10_28_17_47_11_420,0.433s,1.1圈,59.5mN*m,第698个OK
2017_10_28_17_47_17_900,0.286s,0圈,59.5mN*m,第699个OK
2017_10_28_17_47_24_455,0.318s,0.4圈,59.5mN*m,第700个OK
2017_11_16_13_51_24_88,0s,0圈,0mN*m,第701个OK
2017_11_16_13_55_35_42,0.471s,0.7圈,59.7mN*m,第702个NG
2017_11_16_13_56_34_182,0.493s,1.7圈,59.5mN*m,第703个NG
2017_11_16_13_56_54_327,0.481s,1.3圈,59.7mN*m,第704个NG
2017_11_16_14_4_51_714,0.487s,1.5圈,59.5mN*m,第705个NG
2017_11_16_14_5_1_553,0.496s,1.7圈,59.5mN*m,第706个NG
2017_11_16_14_5_10_642,0.471s,0.8圈,59.5mN*m,第707个NG
2017_11_16_20_9_52_354,0.317s,1圈,0mN*m,第1个OK
2017_11_16_20_10_13_238,0.317s,1圈,0mN*m,第2个OK
2017_11_16_20_10_26_387,0.317s,1圈,0mN*m,第3个OK
2017_11_16_20_10_33_48,0.317s,1圈,0mN*m,第4个OK
2017_11_16_20_10_34_77,0.317s,1圈,0mN*m,第5个OK
2017_11_16_20_10_34_763,0.317s,1圈,0mN*m,第6个OK
2017_11_16_20_10_35_445,0.317s,1圈,0mN*m,第7个OK
2017_11_16_20_10_36_212,0.317s,1圈,0mN*m,第8个OK
2017_11_16_20_10_36_901,0.317s,1圈,0mN*m,第9个OK
2017_11_16_20_10_37_294,0.317s,1圈,0mN*m,第10个OK
2017_11_16_20_10_38_351,0.317s,1圈,0mN*m,第11个OK
2017_11_16_20_10_39_386,0.317s,1圈,0mN*m,第12个OK
2017_11_16_20_10_40_405,0.317s,1圈,0mN*m,第13个OK
2017_11_16_20_10_42_116,0.317s,1圈,0mN*m,第14个OK
2017_11_16_20_11_28_600,1.965s,6.5圈,0.6mN*m,第15个NG
